<?xml version="1.0" encoding="UTF-8"?>
<feature
      id="PLAM"
      label="PLAM"
      version="1.0.0"
      provider-name="Werkbold Software Development"
      plugin="kobold.branding"
      image="splash.BMP"
      primary="true">

   <install-handler/>

   <description>
      This is the primary feature-set for the new Kobold Product-Line-Architecture-Tool (PLAM)

The primary purpose of Kobold is to provide a tool for the development
and maintenance of software product lines. Kobold also supports the
establishment of a role-based development process.
   </description>

   <copyright>
      Copyright (c) 2003 - 2004 Necati Aydin, Armin Cont, Bettina Druckenmueller,
Anselm Garbe, Michael Grosse, 
Tammo van Lessen, Martin Plies, Oliver Rendgen, Patrick Schneider
   </copyright>

   <license>
      Copyright (c) 2004 Armin Cont, Anselm R. Garbe, Bettina Druckenmueller, Martin Plies, Michael Grosse, Necati Aydin, Oliver Rendgen, Patrick Schneider, Tammo van Lessen

Permission is hereby granted, free of charge, to any person obtaining a
copy of this software and associated documentation files (the &quot;Software&quot;),
to deal in the Software without restriction, including without limitation
the rights to use, copy, modify, merge, publish, distribute, sublicense,
and/or sell copies of the Software, and to permit persons to whom the
Software is furnished to do so, subject to the following conditions:

The above copyright notice and this permission notice shall be included
in all copies or substantial portions of the Software.

THE SOFTWARE IS PROVIDED &quot;AS IS&quot;, WITHOUT WARRANTY OF ANY KIND, EXPRESS OR
IMPLIED, INCLUDING BUT NOT LIMITED TO THE WARRANTIES OF MERCHANTABILITY,
FITNESS FOR A PARTICULAR PURPOSE AND NONINFRINGEMENT. IN NO EVENT SHALL
THE AUTHORS OR COPYRIGHT HOLDERS BE LIABLE FOR ANY CLAIM, DAMAGES OR OTHER
LIABILITY, WHETHER IN AN ACTION OF CONTRACT, TORT OR OTHERWISE,
ARISING FROM, OUT OF OR IN CONNECTION WITH THE SOFTWARE OR THE USE OR
OTHER DEALINGS IN THE SOFTWARE.
   </license>

   <requires>
      <import plugin="org.eclipse.core.resources"/>
      <import plugin="org.eclipse.ui"/>
      <import plugin="org.eclipse.draw2d"/>
      <import plugin="org.eclipse.gef"/>
      <import plugin="org.eclipse.swt"/>
      <import plugin="org.eclipse.ui.views"/>
      <import plugin="org.eclipse.ui.ide"/>
      <import plugin="org.eclipse.team.core"/>
      <import plugin="org.eclipse.ui.editors"/>
      <import plugin="org.eclipse.ui.externaltools"/>
      <import plugin="org.eclipse.ui.workbench"/>
      <import plugin="org.eclipse.team.cvs.core"/>
      <import plugin="org.eclipse.team.ui"/>
      <import plugin="org.eclipse.osgi"/>
      <import plugin="org.eclipse.osgi.services"/>
      <import plugin="org.eclipse.osgi.util"/>
   </requires>

   <plugin
         id="kobold.client.plam"
         download-size="0"
         install-size="0"
         version="1.0.0"/>

   <plugin
         id="kobold.client.vcm"
         download-size="0"
         install-size="0"
         version="1.0.0"/>

   <plugin
         id="kobold.commons"
         download-size="0"
         install-size="0"
         version="1.0.0"/>

   <plugin
         id="kobold.branding"
         download-size="0"
         install-size="0"
         version="1.0.0"/>

</feature>
